category,segment,sales,ad_spend,social_engagement,stock_level,satisfaction_score,aov,eco_index,roas,social_efficiency,inventory_status,strategic_recommendation
Electronics,60+,481,970.8896807568424,200,57,3,59.70436010084518,1,0.5,0.21,HEALTHY,"BUDGET CUT: Marketing Underperforming"
Electronics,46-60,457,479.93150935986125,318,59,4,51.611526736433426,1.1,0.95,0.66,HEALTHY,"STABLE: Monitor KPIs"
Electronics,60+,466,772.7358500167122,181,84,5,77.35869714424547,0.9,0.6,0.23,HEALTHY,"BUDGET CUT: Marketing Underperforming"
Fashion,60+,459,1014.3831261866058,914,94,4,50.87148680078025,1.1,0.45,0.9,HEALTHY,"STABLE: Monitor KPIs"
Home,36-45,214,460.3568410259387,873,74,5,37.141211682639224,0.9,0.46,1.9,HEALTHY,"STABLE: Monitor KPIs"
Home,60+,281,1236.8227145967915,220,33,5,122.25115987396092,1.1,0.23,0.18,LOW,"BUDGET CUT: Marketing Underperforming"
Beauty,18-25,175,1502.784030759004,201,51,3,166.78433820415245,0.9,0.12,0.13,HEALTHY,"BUDGET CUT: Marketing Underperforming"
Sports,36-45,249,1254.8576699293808,460,22,5,149.63262517758446,1,0.2,0.37,LOW,"BUDGET CUT: Marketing Underperforming"
Home,26-35,136,1202.469568887062,865,61,3,161.8510852521412,1.1,0.11,0.72,HEALTHY,"STABLE: Monitor KPIs"
Home,46-60,454,1353.9831863453444,624,40,1,65.00022071106558,1,0.34,0.46,LOW,"BUDGET CUT: Marketing Underperforming"
Sports,26-35,90,1469.0232232560406,875,97,3,128.35421199128177,1,0.06,0.6,HEALTHY,"STABLE: Monitor KPIs"
Electronics,46-60,316,1215.3997848571514,382,45,3,174.74568818549324,1.1,0.26,0.31,LOW,"BUDGET CUT: Marketing Underperforming"
Beauty,18-25,274,637.4322147229127,320,14,4,38.411096526204105,0.9,0.43,0.5,CRITICAL,"STABLE: Monitor KPIs"
Fashion,26-35,216,828.6483799398424,445,55,2,66.32269966995045,1,0.26,0.54,HEALTHY,"QUALITY CHECK: High Returns/Complaints"
Sports,26-35,181,722.8897088643745,730,83,5,107.90400866988833,1.1,0.25,1.01,HEALTHY,"STABLE: Monitor KPIs"
Fashion,60+,135,754.4143846821025,240,42,1,177.35229379422418,0.9,0.18,0.32,LOW,"BUDGET CUT: Marketing Underperforming"
Home,36-45,181,759.7442639255582,958,95,3,50.25913725782624,1,0.24,1.26,HEALTHY,"STABLE: Monitor KPIs"
Electronics,18-25,366,1220.6008184360808,270,28,3,189.6961477046372,1,0.3,0.22,LOW,"BUDGET CUT: Marketing Underperforming"
Fashion,36-45,138,756.8229409763495,489,18,5,116.38820887913658,0.9,0.18,0.65,CRITICAL,"STABLE: Monitor KPIs"
Sports,26-35,348,944.654637285692,938,32,4,64.21318433188554,0.9,0.37,0.99,LOW,"STABLE: Monitor KPIs"
Fashion,18-25,133,898.9981508850336,868,87,2,123.79380696185106,1.1,0.15,0.97,HEALTHY,"QUALITY CHECK: High Returns/Complaints"
Electronics,46-60,209,918.2079052856934,368,65,3,31.050731072226824,1.1,0.23,0.4,HEALTHY,"BUDGET CUT: Marketing Underperforming"
Electronics,36-45,109,1884.8545122517926,869,47,3,178.14814406019275,0.9,0.06,0.46,LOW,"BUDGET CUT: Marketing Underperforming"
Home,18-25,103,946.8179470335809,655,28,4,107.6670903925599,1.1,0.11,0.69,LOW,"STABLE: Monitor KPIs"
Home,46-60,380,865.5010636718699,272,37,3,38.2972485685989,1.1,0.44,0.31,LOW,"BUDGET CUT: Marketing Underperforming"
Home,36-45,197,894.8036020115154,412,80,3,121.98516276131227,1,0.22,0.46,HEALTHY,"BUDGET CUT: Marketing Underperforming"
Home,60+,250,1097.098648784064,986,48,3,27.18412840464228,1,0.23,0.9,LOW,"STABLE: Monitor KPIs"
Beauty,26-35,337,1379.7415190168483,244,34,4,69.84018985787768,1,0.24,0.18,LOW,"BUDGET CUT: Marketing Underperforming"
Beauty,36-45,331,1120.7362696874454,674,41,2,126.28714886660669,0.9,0.3,0.6,LOW,"QUALITY CHECK: High Returns/Complaints"
Electronics,46-60,454,1117.1419653122086,675,30,1,104.73375258593254,0.9,0.41,0.6,LOW,"QUALITY CHECK: High Returns/Complaints"
Electronics,46-60,263,1292.5285275407082,134,24,3,121.52361224794655,1.1,0.2,0.1,LOW,"BUDGET CUT: Marketing Underperforming"
Home,36-45,406,651.7970708852363,831,98,4,106.3728607755891,0.9,0.62,1.27,HEALTHY,"STABLE: Monitor KPIs"
Sports,46-60,411,628.8983719929647,442,81,4,134.25986849918812,0.9,0.65,0.7,HEALTHY,"STABLE: Monitor KPIs"
Home,26-35,208,1043.4988620316283,711,26,2,73.4541570382566,1,0.2,0.68,LOW,"QUALITY CHECK: High Returns/Complaints"
Sports,36-45,378,653.1873441849255,309,95,1,108.03689210069558,0.9,0.58,0.47,HEALTHY,"BUDGET CUT: Marketing Underperforming"
Home,18-25,282,534.8074247384849,794,76,3,164.1766194393683,1.1,0.53,1.48,HEALTHY,"STABLE: Monitor KPIs"
Beauty,60+,226,774.0039657386842,214,32,4,117.50197837584432,0.9,0.29,0.28,LOW,"BUDGET CUT: Marketing Underperforming"
Sports,26-35,55,442.8198809926697,908,93,4,114.01319049026075,0.9,0.12,2.05,HEALTHY,"STABLE: Monitor KPIs"
Sports,46-60,262,749.5797603893016,500,87,4,98.17404176964878,1,0.35,0.67,HEALTHY,"STABLE: Monitor KPIs"
Fashion,46-60,99,1154.0489367215691,529,11,1,124.87160316544204,1,0.09,0.46,CRITICAL,"BUDGET CUT: Marketing Underperforming"
Electronics,46-60,199,1059.4822405816021,959,17,2,180.9918201705666,1.1,0.19,0.91,CRITICAL,"QUALITY CHECK: High Returns/Complaints"
Electronics,26-35,212,1013.4924284015983,110,94,5,70.35306461557482,1,0.21,0.11,HEALTHY,"BUDGET CUT: Marketing Underperforming"
Home,18-25,227,881.7709157686929,222,54,4,50.99097272608505,1,0.26,0.25,HEALTHY,"BUDGET CUT: Marketing Underperforming"
Sports,60+,130,1317.672510054201,565,69,3,27.937861905835923,1.1,0.1,0.43,HEALTHY,"BUDGET CUT: Marketing Underperforming"
Beauty,36-45,323,1006.4647696483822,377,93,1,157.4332055988616,0.9,0.32,0.37,HEALTHY,"BUDGET CUT: Marketing Underperforming"
Sports,26-35,133,1178.809671258603,280,67,3,63.66934027879252,0.9,0.11,0.24,HEALTHY,"BUDGET CUT: Marketing Underperforming"
Beauty,26-35,306,439.6613897801659,206,81,2,161.12945436529856,1.1,0.7,0.47,HEALTHY,"BUDGET CUT: Marketing Underperforming"
Electronics,46-60,280,1179.4005264762836,741,44,3,189.89775666191775,1,0.24,0.63,LOW,"STABLE: Monitor KPIs"
Electronics,46-60,323,784.1520480083267,339,99,4,119.90376459578479,1,0.41,0.43,HEALTHY,"BUDGET CUT: Marketing Underperforming"
Beauty,18-25,283,787.3119813788195,808,15,2,195.5872106530642,1,0.36,1.03,CRITICAL,"QUALITY CHECK: High Returns/Complaints"
Beauty,46-60,396,1238.8453132426864,350,84,1,139.4025424760731,1,0.32,0.28,HEALTHY,"BUDGET CUT: Marketing Underperforming"
Fashion,26-35,224,739.6926270689146,459,20,1,120.75393440287031,1,0.3,0.62,LOW,"QUALITY CHECK: High Returns/Complaints"
Electronics,18-25,211,1351.0948692168272,240,43,1,98.28265244536016,0.9,0.16,0.18,LOW,"BUDGET CUT: Marketing Underperforming"
Sports,46-60,157,890.4698420631108,869,62,5,73.447294612735,1,0.18,0.98,HEALTHY,"STABLE: Monitor KPIs"
Sports,18-25,110,1137.0579220888587,326,15,2,193.0656650788085,1,0.1,0.29,CRITICAL,"BUDGET CUT: Marketing Underperforming"
Fashion,36-45,363,1140.1460227873772,677,98,5,139.60756390530898,1.1,0.32,0.59,HEALTHY,"STABLE: Monitor KPIs"
Home,26-35,410,1130.465892176318,248,61,1,99.67386097689277,1,0.36,0.22,HEALTHY,"BUDGET CUT: Marketing Underperforming"
Electronics,60+,468,1489.1511562560206,431,68,3,103.29379415621662,1.1,0.31,0.29,HEALTHY,"BUDGET CUT: Marketing Underperforming"
Electronics,46-60,139,271.1196071520683,168,25,4,153.8029228241319,1,0.51,0.62,LOW,"STABLE: Monitor KPIs"
Fashion,36-45,121,1001.097759693496,447,72,3,149.68176393555174,1,0.12,0.45,HEALTHY,"BUDGET CUT: Marketing Underperforming"
Beauty,60+,499,1149.2902997081626,271,59,2,39.16799273594384,1,0.43,0.24,HEALTHY,"BUDGET CUT: Marketing Underperforming"
Sports,18-25,478,689.432636360702,991,71,2,140.57784374709723,1,0.69,1.44,HEALTHY,"QUALITY CHECK: High Returns/Complaints"
Fashion,46-60,197,613.1165632966743,610,80,5,156.02578829182102,1,0.32,0.99,HEALTHY,"STABLE: Monitor KPIs"
Electronics,26-35,159,930.2679062913767,307,35,1,80.58087298049134,0.9,0.17,0.33,LOW,"BUDGET CUT: Marketing Underperforming"
Home,18-25,127,1113.7467130898344,637,85,3,196.8800853917088,0.9,0.11,0.57,HEALTHY,"STABLE: Monitor KPIs"
Electronics,36-45,413,1169.9258792739492,332,57,1,193.80088163633167,0.9,0.35,0.28,HEALTHY,"BUDGET CUT: Marketing Underperforming"
Sports,36-45,251,1368.9816928501346,108,62,5,107.38642351096608,0.9,0.18,0.08,HEALTHY,"BUDGET CUT: Marketing Underperforming"
Beauty,60+,312,652.9993269861484,991,96,2,177.6657153414169,1,0.48,1.52,HEALTHY,"QUALITY CHECK: High Returns/Complaints"
Sports,46-60,223,453.4778340376172,231,36,2,163.9348584834412,1.1,0.49,0.51,LOW,"QUALITY CHECK: High Returns/Complaints"
Beauty,36-45,134,982.1983381470877,325,17,4,138.05031893325938,1,0.14,0.33,CRITICAL,"BUDGET CUT: Marketing Underperforming"
Home,18-25,466,1346.1617257776725,865,21,2,181.93781503381953,0.9,0.35,0.64,LOW,"QUALITY CHECK: High Returns/Complaints"
Home,18-25,341,888.8135818695365,408,66,3,44.49792656763003,0.9,0.38,0.46,HEALTHY,"BUDGET CUT: Marketing Underperforming"
Electronics,36-45,466,703.7498192840703,532,92,5,23.04453750861927,0.9,0.66,0.76,HEALTHY,"STABLE: Monitor KPIs"
Sports,26-35,331,1603.4209332834012,408,19,1,130.56736977651883,0.9,0.21,0.25,CRITICAL,"BUDGET CUT: Marketing Underperforming"
Home,60+,496,753.4774636227711,285,26,1,27.67857360044682,0.9,0.66,0.38,LOW,"BUDGET CUT: Marketing Underperforming"
Fashion,36-45,339,984.2100682977724,293,40,3,60.56993978807629,1,0.34,0.3,LOW,"BUDGET CUT: Marketing Underperforming"
Home,36-45,79,1371.270311663511,946,12,4,46.40552741120423,1,0.06,0.69,CRITICAL,"STABLE: Monitor KPIs"
Electronics,46-60,133,792.763488679755,780,56,5,145.31834667748666,1,0.17,0.98,HEALTHY,"STABLE: Monitor KPIs"
Fashion,18-25,92,1463.9710440995336,173,49,4,120.57403657070851,1,0.06,0.12,LOW,"BUDGET CUT: Marketing Underperforming"
Beauty,46-60,371,1396.8848600187757,607,17,3,47.06377204779543,1,0.27,0.43,CRITICAL,"BUDGET CUT: Marketing Underperforming"
Beauty,60+,476,766.9534176944123,498,86,3,50.95138819722109,1.1,0.62,0.65,HEALTHY,"STABLE: Monitor KPIs"
Home,26-35,413,1234.0606839860927,485,55,4,80.88209940484398,1,0.33,0.39,HEALTHY,"BUDGET CUT: Marketing Underperforming"
Beauty,26-35,199,691.7955293295972,897,93,2,89.36035077269091,1.1,0.29,1.3,HEALTHY,"QUALITY CHECK: High Returns/Complaints"
Fashion,26-35,379,839.5794533235079,342,94,3,158.15603378044062,0.9,0.45,0.41,HEALTHY,"BUDGET CUT: Marketing Underperforming"
Home,26-35,433,1077.8477423745403,157,44,5,104.47249863686879,1,0.4,0.15,LOW,"BUDGET CUT: Marketing Underperforming"
Fashion,26-35,374,527.3199381271644,765,73,2,23.910009592125448,0.9,0.71,1.45,HEALTHY,"QUALITY CHECK: High Returns/Complaints"
Beauty,46-60,444,1018.7901461534993,725,84,4,73.66695395155949,0.9,0.44,0.71,HEALTHY,"STABLE: Monitor KPIs"
Fashion,26-35,414,1296.6552365562943,823,75,4,27.922959770427873,1.1,0.32,0.63,HEALTHY,"STABLE: Monitor KPIs"
Electronics,26-35,486,998.5348138209029,545,30,4,44.37865055941777,1,0.49,0.55,LOW,"STABLE: Monitor KPIs"
Beauty,36-45,473,1543.771348624242,820,53,2,98.7765478884486,1,0.31,0.53,HEALTHY,"QUALITY CHECK: High Returns/Complaints"
Home,36-45,436,1014.1298187269977,541,59,3,129.18615583366346,0.9,0.43,0.53,HEALTHY,"STABLE: Monitor KPIs"
Home,18-25,324,1066.5222441443066,317,49,5,181.34566453285828,1.1,0.3,0.3,LOW,"BUDGET CUT: Marketing Underperforming"
Home,26-35,280,1188.5727696700444,664,15,2,196.48414969398596,1,0.24,0.56,CRITICAL,"QUALITY CHECK: High Returns/Complaints"
Home,60+,122,1209.769988002147,847,37,2,38.55765869643766,1,0.1,0.7,LOW,"QUALITY CHECK: High Returns/Complaints"
Home,60+,476,1040.1408533526803,737,51,2,161.0549469073573,0.9,0.46,0.71,HEALTHY,"QUALITY CHECK: High Returns/Complaints"
Sports,18-25,403,1191.1230578280765,629,80,1,102.30276756284727,0.9,0.34,0.53,HEALTHY,"QUALITY CHECK: High Returns/Complaints"
Electronics,18-25,381,907.8807262865952,676,33,2,48.96975570144266,0.9,0.42,0.74,LOW,"QUALITY CHECK: High Returns/Complaints"
Fashion,36-45,150,923.0408569509377,785,47,3,67.03189103916647,0.9,0.16,0.85,LOW,"STABLE: Monitor KPIs"
Electronics,60+,169,1370.2486981796048,229,64,5,163.09794867436375,1.1,0.12,0.17,HEALTHY,"BUDGET CUT: Marketing Underperforming"
Home,18-25,395,1076.0165288693704,176,11,1,64.04432189193406,0.9,0.37,0.16,CRITICAL,"BUDGET CUT: Marketing Underperforming"
Sports,26-35,492,1095.9346430997264,754,88,4,144.3073064443979,1,0.45,0.69,HEALTHY,"STABLE: Monitor KPIs"
Electronics,60+,251,635.3284595118956,778,66,1,32.14437417356751,1,0.4,1.22,HEALTHY,"QUALITY CHECK: High Returns/Complaints"
Beauty,46-60,387,1133.9189696349729,331,44,5,132.81973844652288,1.1,0.34,0.29,LOW,"BUDGET CUT: Marketing Underperforming"
Sports,36-45,158,997.6909711004645,285,25,2,136.8700757642889,1,0.16,0.29,LOW,"BUDGET CUT: Marketing Underperforming"
Electronics,18-25,87,1200.8835956049645,791,37,4,82.21393935533322,0.9,0.07,0.66,LOW,"STABLE: Monitor KPIs"
Beauty,18-25,421,1017.8809894691694,140,54,3,142.11690305783983,1,0.41,0.14,HEALTHY,"BUDGET CUT: Marketing Underperforming"
Electronics,18-25,414,1351.0042482835963,356,65,5,85.61878797840734,1.1,0.31,0.26,HEALTHY,"BUDGET CUT: Marketing Underperforming"
Sports,36-45,199,1039.2612456343281,900,58,4,58.228221676937906,1,0.19,0.87,HEALTHY,"STABLE: Monitor KPIs"
Beauty,60+,315,1175.9431307694767,884,63,1,109.54718606920997,0.9,0.27,0.75,HEALTHY,"QUALITY CHECK: High Returns/Complaints"
Beauty,36-45,53,417.9235886027002,113,96,2,124.64496273191082,1.1,0.13,0.27,HEALTHY,"BUDGET CUT: Marketing Underperforming"
Beauty,46-60,152,1120.2055846266107,250,96,1,89.43472053020479,1.1,0.14,0.22,HEALTHY,"BUDGET CUT: Marketing Underperforming"
Beauty,60+,369,1299.592619231203,315,63,3,91.14292048425057,1.1,0.28,0.24,HEALTHY,"BUDGET CUT: Marketing Underperforming"
Home,18-25,83,845.6012427504371,617,60,5,92.91562599782958,0.9,0.1,0.73,HEALTHY,"STABLE: Monitor KPIs"
Beauty,36-45,81,871.243814514899,206,11,3,87.53215390051588,1.1,0.09,0.24,CRITICAL,"BUDGET CUT: Marketing Underperforming"
Beauty,36-45,86,1267.7817358578777,270,70,3,175.99564199110205,0.9,0.07,0.21,HEALTHY,"BUDGET CUT: Marketing Underperforming"
Fashion,36-45,297,646.9397179292098,368,25,3,159.3963576499109,0.9,0.46,0.57,LOW,"STABLE: Monitor KPIs"
Sports,36-45,290,1521.9998666893644,848,10,1,126.90420487167664,0.9,0.19,0.56,CRITICAL,"QUALITY CHECK: High Returns/Complaints"
Home,46-60,285,589.9167382970652,114,96,5,57.43227411844598,0.9,0.48,0.19,HEALTHY,"BUDGET CUT: Marketing Underperforming"
Sports,60+,485,1011.7697935034901,352,76,4,21.504028158923234,1,0.48,0.35,HEALTHY,"BUDGET CUT: Marketing Underperforming"
Fashion,46-60,120,489.3999621214335,149,83,3,40.23758855448195,1,0.25,0.3,HEALTHY,"BUDGET CUT: Marketing Underperforming"
Fashion,36-45,209,1503.2444811002306,401,53,4,124.71372640717223,1,0.14,0.27,HEALTHY,"BUDGET CUT: Marketing Underperforming"
Sports,36-45,321,509.33321259491566,865,75,1,199.06652560725638,0.9,0.63,1.7,HEALTHY,"QUALITY CHECK: High Returns/Complaints"
Home,60+,227,973.1653856671862,733,81,4,64.62923135190162,0.9,0.23,0.75,HEALTHY,"STABLE: Monitor KPIs"
Fashion,36-45,334,1225.450133180993,258,55,1,123.45100558138844,1.1,0.27,0.21,HEALTHY,"BUDGET CUT: Marketing Underperforming"
Home,60+,319,775.2752391033102,175,65,1,97.70352969381096,1,0.41,0.23,HEALTHY,"BUDGET CUT: Marketing Underperforming"
Beauty,26-35,60,1265.8164537942675,936,68,2,78.89789517758963,1.1,0.05,0.74,HEALTHY,"QUALITY CHECK: High Returns/Complaints"
Beauty,18-25,217,1448.8898856486207,839,43,4,184.17491674573353,1,0.15,0.58,LOW,"STABLE: Monitor KPIs"
Home,26-35,337,919.2595617500962,651,54,2,72.58609598318232,1,0.37,0.71,HEALTHY,"QUALITY CHECK: High Returns/Complaints"
Electronics,18-25,274,630.4162687211673,255,64,2,71.54056835876631,1,0.43,0.4,HEALTHY,"BUDGET CUT: Marketing Underperforming"
Sports,46-60,231,777.4077946240246,590,30,3,121.85545751788091,1,0.3,0.76,LOW,"STABLE: Monitor KPIs"
Beauty,60+,185,1307.2194620347434,102,74,5,101.39866000864342,1.1,0.14,0.08,HEALTHY,"BUDGET CUT: Marketing Underperforming"
Beauty,18-25,95,483.23474222430536,230,28,1,52.612882461234065,1,0.2,0.48,LOW,"BUDGET CUT: Marketing Underperforming"
Electronics,18-25,138,580.602784535695,138,73,4,126.88029432994945,0.9,0.24,0.24,HEALTHY,"BUDGET CUT: Marketing Underperforming"
Fashion,26-35,481,1198.2331613119416,511,61,4,45.75723716548125,1.1,0.4,0.43,HEALTHY,"BUDGET CUT: Marketing Underperforming"
Electronics,60+,354,500.6181660237943,418,71,1,134.4702501845358,1.1,0.71,0.83,HEALTHY,"QUALITY CHECK: High Returns/Complaints"
Sports,26-35,278,579.054608893752,883,87,2,83.56720018565545,1.1,0.48,1.52,HEALTHY,"QUALITY CHECK: High Returns/Complaints"
Electronics,46-60,453,782.5301241699515,991,65,3,185.42944519563162,0.9,0.58,1.27,HEALTHY,"STABLE: Monitor KPIs"
Fashion,60+,457,559.4110094414671,830,77,3,123.27041511595286,0.9,0.82,1.48,HEALTHY,"STABLE: Monitor KPIs"
Electronics,18-25,479,1294.768969560801,822,64,1,118.8166061836764,1,0.37,0.63,HEALTHY,"QUALITY CHECK: High Returns/Complaints"
Fashion,60+,385,788.8921993002639,215,69,2,163.92970450482676,1.1,0.49,0.27,HEALTHY,"BUDGET CUT: Marketing Underperforming"
Sports,46-60,330,1264.9404776807048,449,97,5,181.99348387103925,1,0.26,0.35,HEALTHY,"BUDGET CUT: Marketing Underperforming"
Fashion,46-60,125,967.7926550348174,245,37,2,44.238865744714595,1,0.13,0.25,LOW,"BUDGET CUT: Marketing Underperforming"
Sports,60+,183,566.6477920180163,482,94,2,104.76150956196855,0.9,0.32,0.85,HEALTHY,"QUALITY CHECK: High Returns/Complaints"
Sports,36-45,60,1484.851582102691,858,19,2,94.26902657211721,1.1,0.04,0.58,CRITICAL,"QUALITY CHECK: High Returns/Complaints"
Home,60+,144,1249.6510019186849,755,68,2,126.49636593197455,1.1,0.12,0.6,HEALTHY,"QUALITY CHECK: High Returns/Complaints"
Electronics,26-35,433,1188.100089228865,705,72,4,47.36814874502693,0.9,0.36,0.59,HEALTHY,"STABLE: Monitor KPIs"
Beauty,60+,430,1137.3679977673582,796,64,4,76.04302494679881,0.9,0.38,0.7,HEALTHY,"STABLE: Monitor KPIs"
Sports,26-35,344,438.1710941830304,292,92,1,60.72428968501304,1.1,0.79,0.67,HEALTHY,"QUALITY CHECK: High Returns/Complaints"
Home,36-45,458,1065.248618964022,832,88,4,86.59817442466863,0.9,0.43,0.78,HEALTHY,"STABLE: Monitor KPIs"
Electronics,46-60,172,617.2657042199498,765,61,1,20.727498032983462,1,0.28,1.24,HEALTHY,"QUALITY CHECK: High Returns/Complaints"
Fashion,26-35,377,988.0274738235317,142,35,1,181.76345594800628,0.9,0.38,0.14,LOW,"BUDGET CUT: Marketing Underperforming"
Fashion,36-45,216,1250.522890135928,272,66,2,71.72224456801936,1,0.17,0.22,HEALTHY,"BUDGET CUT: Marketing Underperforming"
Home,36-45,122,731.9235655001329,460,44,3,185.73280378417047,0.9,0.17,0.63,LOW,"STABLE: Monitor KPIs"
Fashion,60+,394,1198.7769827989107,588,66,1,50.6041107973103,1.1,0.33,0.49,HEALTHY,"BUDGET CUT: Marketing Underperforming"
Home,60+,468,1047.6384481657494,451,78,4,168.50133811939793,1.1,0.45,0.43,HEALTHY,"BUDGET CUT: Marketing Underperforming"
Home,26-35,238,599.6355507581156,524,17,5,94.396096502853,1.1,0.4,0.87,CRITICAL,"STABLE: Monitor KPIs"
Sports,46-60,343,675.3380443696794,574,61,1,186.38580828049916,1,0.51,0.85,HEALTHY,"QUALITY CHECK: High Returns/Complaints"
Fashion,26-35,174,876.6461589368477,970,72,2,167.53011292467704,0.9,0.2,1.11,HEALTHY,"QUALITY CHECK: High Returns/Complaints"
Electronics,60+,495,1076.255658899226,641,53,3,66.15590622108957,0.9,0.46,0.6,HEALTHY,"STABLE: Monitor KPIs"
Home,18-25,228,1040.1779462327643,611,96,2,101.19967693092195,1.1,0.22,0.59,HEALTHY,"QUALITY CHECK: High Returns/Complaints"
Beauty,18-25,237,1192.3736642949216,219,16,1,82.94180010525022,1,0.2,0.18,CRITICAL,"BUDGET CUT: Marketing Underperforming"
Sports,46-60,75,780.8077291704769,371,79,1,28.592718232754983,1.1,0.1,0.48,HEALTHY,"BUDGET CUT: Marketing Underperforming"
Electronics,26-35,364,1058.0403827577027,904,59,4,47.98790863269836,0.9,0.34,0.85,HEALTHY,"STABLE: Monitor KPIs"
Electronics,60+,173,1602.2581010214324,693,57,5,173.18522185096433,1,0.11,0.43,HEALTHY,"BUDGET CUT: Marketing Underperforming"
Electronics,36-45,435,909.2264688722486,810,98,5,186.64969617613846,1,0.48,0.89,HEALTHY,"STABLE: Monitor KPIs"
Beauty,46-60,222,409.41208851125975,452,27,3,47.3606720745035,0.9,0.54,1.1,LOW,"STABLE: Monitor KPIs"
Fashion,36-45,135,1449.754723960012,249,49,4,78.24786164148152,1.1,0.09,0.17,LOW,"BUDGET CUT: Marketing Underperforming"
Fashion,36-45,283,1191.2179019709772,969,53,5,71.30860508531708,0.9,0.24,0.81,HEALTHY,"STABLE: Monitor KPIs"
Electronics,36-45,301,1559.4856342783482,427,96,2,168.08144942911622,1.1,0.19,0.27,HEALTHY,"BUDGET CUT: Marketing Underperforming"
Electronics,46-60,121,700.7174447822604,729,73,5,32.107307344385404,1.1,0.17,1.04,HEALTHY,"STABLE: Monitor KPIs"
Fashion,26-35,236,1227.056298559111,304,15,5,89.27330277588844,0.9,0.19,0.25,CRITICAL,"BUDGET CUT: Marketing Underperforming"
Sports,26-35,232,1411.1055865343433,782,32,2,176.55107565972418,0.9,0.16,0.55,LOW,"QUALITY CHECK: High Returns/Complaints"
Home,18-25,268,855.2991050678005,788,30,2,164.70098274943908,0.9,0.31,0.92,LOW,"QUALITY CHECK: High Returns/Complaints"
Beauty,26-35,100,1328.7415276573927,139,58,2,60.84278173920181,0.9,0.08,0.1,HEALTHY,"BUDGET CUT: Marketing Underperforming"
Electronics,60+,258,1594.599247728945,751,58,5,47.77448070832029,1,0.16,0.47,HEALTHY,"BUDGET CUT: Marketing Underperforming"
Home,36-45,115,795.6411596794693,406,71,4,111.28127053996887,1.1,0.14,0.51,HEALTHY,"STABLE: Monitor KPIs"
Fashion,26-35,121,1465.189539399966,985,50,2,187.89756219512643,1,0.08,0.67,HEALTHY,"QUALITY CHECK: High Returns/Complaints"
Electronics,46-60,118,1003.0320279862417,266,87,1,176.1587321980411,1,0.12,0.27,HEALTHY,"BUDGET CUT: Marketing Underperforming"
Beauty,46-60,277,936.1055821841571,888,36,1,64.9506170296378,1,0.3,0.95,LOW,"QUALITY CHECK: High Returns/Complaints"
Fashion,46-60,188,1109.6431218024188,964,83,5,145.19280587764587,0.9,0.17,0.87,HEALTHY,"STABLE: Monitor KPIs"
Sports,18-25,361,1073.4895247268835,991,46,3,151.31108606333657,0.9,0.34,0.92,LOW,"STABLE: Monitor KPIs"
Electronics,26-35,349,876.9324269735056,945,19,4,193.79086239842863,1,0.4,1.08,CRITICAL,"STABLE: Monitor KPIs"
Sports,36-45,79,1563.9295036426088,377,30,5,162.63265909107395,1.1,0.05,0.24,LOW,"BUDGET CUT: Marketing Underperforming"
Fashion,26-35,498,1150.2705468474571,808,20,2,135.46235196312455,0.9,0.43,0.7,LOW,"QUALITY CHECK: High Returns/Complaints"
Home,26-35,480,402.6667449125463,269,81,4,104.0330653409775,0.9,1.19,0.67,HEALTHY,"STABLE: Monitor KPIs"
Beauty,18-25,405,1364.1552623064754,338,28,3,85.37784598969537,1,0.3,0.25,LOW,"BUDGET CUT: Marketing Underperforming"
Fashion,36-45,101,1502.1388504716604,837,28,3,42.872546032325495,1.1,0.07,0.56,LOW,"STABLE: Monitor KPIs"
Sports,26-35,274,686.2429282040391,117,74,5,74.17484433346903,1.1,0.4,0.17,HEALTHY,"BUDGET CUT: Marketing Underperforming"
Sports,60+,301,1235.5552865156028,966,81,4,87.5393128614157,1.1,0.24,0.78,HEALTHY,"STABLE: Monitor KPIs"
Beauty,36-45,415,1348.7596881418217,704,90,1,111.80706599076328,1,0.31,0.52,HEALTHY,"QUALITY CHECK: High Returns/Complaints"
Beauty,26-35,327,960.1577995282894,340,99,1,32.116133244509705,1.1,0.34,0.35,HEALTHY,"BUDGET CUT: Marketing Underperforming"
Fashion,60+,453,1544.5910860630893,205,75,4,104.91360698973895,1,0.29,0.13,HEALTHY,"BUDGET CUT: Marketing Underperforming"
Home,26-35,65,845.6357161125437,100,59,2,144.7108141466254,0.9,0.08,0.12,HEALTHY,"BUDGET CUT: Marketing Underperforming"
Sports,60+,407,1148.4975538062156,471,52,4,132.950857268977,1.1,0.35,0.41,HEALTHY,"BUDGET CUT: Marketing Underperforming"
Home,60+,219,1087.4194210955347,107,41,3,29.944532170009637,1.1,0.2,0.1,LOW,"BUDGET CUT: Marketing Underperforming"
Home,26-35,394,1029.4345556246021,658,42,5,119.90389856617304,1.1,0.38,0.64,LOW,"STABLE: Monitor KPIs"
Electronics,46-60,248,822.4962226732924,644,98,5,84.80696133451553,0.9,0.3,0.78,HEALTHY,"STABLE: Monitor KPIs"
Home,46-60,60,796.3598390472482,993,62,2,109.56103324626679,1.1,0.08,1.25,HEALTHY,"QUALITY CHECK: High Returns/Complaints"
Home,18-25,114,1303.4488158500649,213,15,1,150.03759976244564,1.1,0.09,0.16,CRITICAL,"BUDGET CUT: Marketing Underperforming"
Home,26-35,311,1753.9878676961114,302,60,5,41.2565203056879,0.9,0.18,0.17,HEALTHY,"BUDGET CUT: Marketing Underperforming"
Electronics,26-35,330,223.06565065677307,380,74,2,134.0168445408577,1,1.48,1.7,HEALTHY,"QUALITY CHECK: High Returns/Complaints"
Home,18-25,66,746.3486438109979,886,57,2,132.83590177227595,1.1,0.09,1.19,HEALTHY,"QUALITY CHECK: High Returns/Complaints"
Beauty,60+,471,729.9148791943837,131,57,5,55.9682378979783,1,0.65,0.18,HEALTHY,"BUDGET CUT: Marketing Underperforming"
Electronics,36-45,348,946.2843489279767,956,35,2,126.15776908939192,1,0.37,1.01,LOW,"QUALITY CHECK: High Returns/Complaints"
Electronics,36-45,391,747.5587628140111,847,39,4,107.50978126438618,1,0.52,1.13,LOW,"STABLE: Monitor KPIs"
Fashion,18-25,177,1020.1687899746468,911,15,1,182.36802282826088,1.1,0.17,0.89,CRITICAL,"QUALITY CHECK: High Returns/Complaints"
Sports,60+,59,1340.2305462500676,912,81,5,72.61149548247204,1,0.04,0.68,HEALTHY,"STABLE: Monitor KPIs"
Home,60+,101,617.3358469893655,808,52,2,135.6779461615149,0.9,0.16,1.31,HEALTHY,"QUALITY CHECK: High Returns/Complaints"
Sports,26-35,385,781.6690537469408,443,93,1,193.25527512076945,1.1,0.49,0.57,HEALTHY,"QUALITY CHECK: High Returns/Complaints"
Sports,46-60,120,782.1929658601968,552,53,1,152.6077257778785,0.9,0.15,0.71,HEALTHY,"QUALITY CHECK: High Returns/Complaints"
Sports,60+,349,845.9962759775073,306,75,1,38.807611129089665,1,0.41,0.36,HEALTHY,"BUDGET CUT: Marketing Underperforming"
Fashion,26-35,292,989.2209170100139,681,92,5,37.64930408934518,1.1,0.3,0.69,HEALTHY,"STABLE: Monitor KPIs"
Sports,18-25,402,675.1415596687388,216,99,3,70.19474107758393,1.1,0.6,0.32,HEALTHY,"BUDGET CUT: Marketing Underperforming"
Sports,18-25,447,1298.5415299032356,457,58,4,168.86274672218477,1,0.34,0.35,HEALTHY,"BUDGET CUT: Marketing Underperforming"
Fashion,46-60,351,1121.6731619910477,169,49,2,162.11071462660655,0.9,0.31,0.15,LOW,"BUDGET CUT: Marketing Underperforming"
Beauty,36-45,283,580.6651813238257,218,16,4,61.736138761005186,0.9,0.49,0.38,CRITICAL,"BUDGET CUT: Marketing Underperforming"
Beauty,26-35,499,1027.4086078035104,373,10,2,79.35623313109352,1.1,0.49,0.36,CRITICAL,"BUDGET CUT: Marketing Underperforming"
Fashion,36-45,274,1235.859894839852,557,28,1,166.77422955229977,1.1,0.22,0.45,LOW,"BUDGET CUT: Marketing Underperforming"
Fashion,18-25,463,958.6613447932755,648,47,2,65.6551380327071,1.1,0.48,0.68,LOW,"QUALITY CHECK: High Returns/Complaints"
Home,36-45,78,896.6339162616198,460,88,3,90.32528409969672,0.9,0.09,0.51,HEALTHY,"STABLE: Monitor KPIs"
Electronics,60+,434,725.5475283224349,316,59,1,172.21901096276588,1.1,0.6,0.44,HEALTHY,"BUDGET CUT: Marketing Underperforming"
Fashion,36-45,287,905.0498975418056,161,49,2,29.38459873993306,1.1,0.32,0.18,LOW,"BUDGET CUT: Marketing Underperforming"
Beauty,18-25,196,1251.927114284451,213,37,3,167.6997090166007,1,0.16,0.17,LOW,"BUDGET CUT: Marketing Underperforming"
Sports,26-35,156,635.8732495317815,820,57,5,155.61015340135222,1,0.25,1.29,HEALTHY,"STABLE: Monitor KPIs"
Electronics,46-60,481,1391.9136432386185,280,60,5,119.60571085810726,0.9,0.35,0.2,HEALTHY,"BUDGET CUT: Marketing Underperforming"
Sports,46-60,473,1748.228704457933,417,49,4,162.6916602584187,1.1,0.27,0.24,LOW,"BUDGET CUT: Marketing Underperforming"
Beauty,26-35,139,906.6666675348446,966,99,4,164.2768229819094,0.9,0.15,1.07,HEALTHY,"STABLE: Monitor KPIs"
Home,18-25,292,1012.2640432827613,489,45,5,87.38954672047285,0.9,0.29,0.48,LOW,"BUDGET CUT: Marketing Underperforming"
Sports,60+,234,1077.6029048811633,580,96,1,67.13570607911498,1.1,0.22,0.54,HEALTHY,"QUALITY CHECK: High Returns/Complaints"
Beauty,18-25,167,1017.562269332126,303,82,5,34.603062424025914,1.1,0.16,0.3,HEALTHY,"BUDGET CUT: Marketing Underperforming"
Home,36-45,283,1162.9638904660364,267,42,2,99.56106134557201,1,0.24,0.23,LOW,"BUDGET CUT: Marketing Underperforming"
Beauty,60+,147,1390.7490732008405,477,43,2,121.53905254997184,1,0.11,0.34,LOW,"BUDGET CUT: Marketing Underperforming"
Sports,60+,431,860.869252440192,565,60,4,195.94842111541993,0.9,0.5,0.66,HEALTHY,"STABLE: Monitor KPIs"
Beauty,18-25,418,1089.869519711634,309,56,1,173.15525549623874,0.9,0.38,0.28,HEALTHY,"BUDGET CUT: Marketing Underperforming"
Home,18-25,69,1137.3268209848857,397,57,1,193.62746572009488,0.9,0.06,0.35,HEALTHY,"BUDGET CUT: Marketing Underperforming"
Beauty,18-25,84,710.1424893554749,984,71,1,105.20750711763152,1,0.12,1.39,HEALTHY,"QUALITY CHECK: High Returns/Complaints"
Fashion,26-35,214,781.9894839578081,606,98,3,49.967401456743346,0.9,0.27,0.77,HEALTHY,"STABLE: Monitor KPIs"
Beauty,26-35,215,362.2258995916876,419,31,1,48.52964579216819,1,0.59,1.16,LOW,"QUALITY CHECK: High Returns/Complaints"
Home,60+,226,612.8643936522758,529,29,1,51.64041101387342,1.1,0.37,0.86,LOW,"QUALITY CHECK: High Returns/Complaints"
Beauty,26-35,404,1403.6291591314146,434,87,5,41.113081425506124,1.1,0.29,0.31,HEALTHY,"BUDGET CUT: Marketing Underperforming"
Sports,46-60,366,1221.444198912295,389,85,2,187.32356694523426,1.1,0.3,0.32,HEALTHY,"BUDGET CUT: Marketing Underperforming"
Electronics,46-60,352,1120.596819210834,541,52,5,65.2823989332544,1.1,0.31,0.48,HEALTHY,"BUDGET CUT: Marketing Underperforming"
Fashion,60+,306,1249.162788015877,271,60,2,173.7288784051845,1.1,0.24,0.22,HEALTHY,"BUDGET CUT: Marketing Underperforming"
Fashion,46-60,334,1401.9402486573408,343,80,4,140.76779390424218,1.1,0.24,0.24,HEALTHY,"BUDGET CUT: Marketing Underperforming"
Beauty,60+,383,607.7551031301098,941,21,1,157.9577892123311,1,0.63,1.55,LOW,"QUALITY CHECK: High Returns/Complaints"
Sports,36-45,70,759.6588410739946,291,64,2,167.53923881363644,1.1,0.09,0.38,HEALTHY,"BUDGET CUT: Marketing Underperforming"
Beauty,60+,479,992.2115118008505,965,21,3,54.71930967107721,1.1,0.48,0.97,LOW,"STABLE: Monitor KPIs"
Beauty,26-35,402,1230.4292628437822,521,44,3,113.07265966277774,0.9,0.33,0.42,LOW,"BUDGET CUT: Marketing Underperforming"
Home,46-60,358,1030.5758104077927,855,73,4,37.12639408786047,1,0.35,0.83,HEALTHY,"STABLE: Monitor KPIs"
Sports,18-25,115,730.3352269874746,566,82,4,82.58714151280611,0.9,0.16,0.77,HEALTHY,"STABLE: Monitor KPIs"
Fashion,26-35,128,697.6309512151706,978,83,5,35.97707652794925,1,0.18,1.4,HEALTHY,"STABLE: Monitor KPIs"
Sports,60+,352,1093.3725822971016,701,13,3,134.73186830054135,1.1,0.32,0.64,CRITICAL,"STABLE: Monitor KPIs"
Beauty,60+,137,1115.0163253281594,641,55,3,73.04939041389466,0.9,0.12,0.57,HEALTHY,"STABLE: Monitor KPIs"
Sports,18-25,465,706.5436356202497,543,96,2,21.657586094674535,1.1,0.66,0.77,HEALTHY,"QUALITY CHECK: High Returns/Complaints"
Fashion,26-35,114,1041.475849855213,324,91,5,44.886781624767714,0.9,0.11,0.31,HEALTHY,"BUDGET CUT: Marketing Underperforming"
Beauty,60+,374,719.8177428738793,490,99,2,85.02849842933931,1,0.52,0.68,HEALTHY,"QUALITY CHECK: High Returns/Complaints"
Sports,36-45,330,1113.8980182782827,406,67,3,28.015488621747892,1,0.3,0.36,HEALTHY,"BUDGET CUT: Marketing Underperforming"
Home,36-45,149,1578.8330015970978,242,49,1,142.99464851667574,1,0.09,0.15,LOW,"BUDGET CUT: Marketing Underperforming"
Electronics,18-25,358,894.9748797354537,741,18,3,75.93803276645704,0.9,0.4,0.83,CRITICAL,"STABLE: Monitor KPIs"
Fashion,60+,121,866.9279993254089,507,78,4,152.0412000454093,0.9,0.14,0.58,HEALTHY,"STABLE: Monitor KPIs"
Electronics,46-60,250,879.5062277462789,535,95,4,78.40440660007327,1,0.28,0.61,HEALTHY,"STABLE: Monitor KPIs"
Home,36-45,133,572.6642069551724,892,68,1,49.74486303876809,1.1,0.23,1.56,HEALTHY,"QUALITY CHECK: High Returns/Complaints"
Home,60+,139,1162.2546145989347,806,18,1,46.84170208122957,1.1,0.12,0.69,CRITICAL,"QUALITY CHECK: High Returns/Complaints"
Electronics,26-35,57,1376.610772527723,993,14,1,152.5719404301894,0.9,0.04,0.72,CRITICAL,"QUALITY CHECK: High Returns/Complaints"
Beauty,26-35,255,502.052406738717,241,64,5,55.93097301347293,1.1,0.51,0.48,HEALTHY,"BUDGET CUT: Marketing Underperforming"
Home,26-35,480,402.15665451620566,942,53,1,80.54710555204792,1,1.19,2.34,HEALTHY,"QUALITY CHECK: High Returns/Complaints"
Electronics,36-45,362,1232.745986533651,640,16,4,62.34673225456934,1,0.29,0.52,CRITICAL,"STABLE: Monitor KPIs"
Sports,18-25,487,583.7786535140879,746,65,3,191.2247919882294,1,0.83,1.28,HEALTHY,"STABLE: Monitor KPIs"
Fashion,60+,294,1054.4403374073884,370,39,5,172.00780182213487,0.9,0.28,0.35,LOW,"BUDGET CUT: Marketing Underperforming"
Home,46-60,117,941.6602823928372,729,70,3,152.59151084022233,0.9,0.12,0.77,HEALTHY,"STABLE: Monitor KPIs"
Fashion,46-60,179,1306.5291135385933,425,96,5,90.78412311754133,1,0.14,0.33,HEALTHY,"BUDGET CUT: Marketing Underperforming"
Sports,18-25,51,534.6138608715296,893,69,3,178.58266710674093,1,0.1,1.67,HEALTHY,"STABLE: Monitor KPIs"
Home,60+,405,902.6054603418056,890,61,3,115.74443256005745,1.1,0.45,0.99,HEALTHY,"STABLE: Monitor KPIs"
Electronics,46-60,428,958.4961873233965,593,94,5,198.9535708475651,0.9,0.45,0.62,HEALTHY,"STABLE: Monitor KPIs"
Beauty,26-35,429,1081.08267076286,321,27,5,184.27406836660955,0.9,0.4,0.3,LOW,"BUDGET CUT: Marketing Underperforming"
Electronics,18-25,320,1015.6113575069328,347,32,1,36.92911487842399,1,0.32,0.34,LOW,"BUDGET CUT: Marketing Underperforming"
Home,60+,364,990.6404425533797,534,57,5,155.35737914803786,1,0.37,0.54,HEALTHY,"STABLE: Monitor KPIs"
Fashion,26-35,164,1302.05940132222,558,88,3,143.30013494403823,0.9,0.13,0.43,HEALTHY,"BUDGET CUT: Marketing Underperforming"
Electronics,46-60,182,903.1373137731232,686,55,1,113.13577391300956,0.9,0.2,0.76,HEALTHY,"QUALITY CHECK: High Returns/Complaints"
Beauty,36-45,407,1038.7972185956346,797,78,4,193.44137371687395,1,0.39,0.77,HEALTHY,"STABLE: Monitor KPIs"
Sports,36-45,299,1255.5199885894465,490,71,2,84.11805163823989,1,0.24,0.39,HEALTHY,"BUDGET CUT: Marketing Underperforming"
Sports,46-60,166,821.5524974159466,967,46,4,167.64153466606177,1,0.2,1.18,LOW,"STABLE: Monitor KPIs"
Fashion,18-25,393,609.7378275962549,805,26,5,24.399620085080105,1.1,0.64,1.32,LOW,"STABLE: Monitor KPIs"
Electronics,46-60,328,1283.157592738022,429,90,4,54.29694789313009,0.9,0.26,0.33,HEALTHY,"BUDGET CUT: Marketing Underperforming"
Home,60+,219,658.9234785222866,270,20,5,43.79540636483743,1.1,0.33,0.41,LOW,"BUDGET CUT: Marketing Underperforming"
Home,26-35,491,926.3780541841721,779,45,2,171.76280534261133,1.1,0.53,0.84,LOW,"QUALITY CHECK: High Returns/Complaints"
Beauty,36-45,362,903.7941539481951,338,74,4,77.57319409597798,1.1,0.4,0.37,HEALTHY,"BUDGET CUT: Marketing Underperforming"
Fashion,18-25,90,787.8395137916916,340,93,5,143.1739581132503,1,0.11,0.43,HEALTHY,"BUDGET CUT: Marketing Underperforming"
Beauty,46-60,157,1285.9510154624063,951,35,3,134.98140158099173,1.1,0.12,0.74,LOW,"STABLE: Monitor KPIs"
Fashion,46-60,91,153.46316308729774,199,83,3,42.24021207377975,1,0.59,1.3,HEALTHY,"STABLE: Monitor KPIs"
Electronics,18-25,321,714.77275862021,290,42,4,197.89814181843357,1.1,0.45,0.41,LOW,"BUDGET CUT: Marketing Underperforming"
Home,60+,160,1356.1962479263314,205,66,4,71.13016339725493,1.1,0.12,0.15,HEALTHY,"BUDGET CUT: Marketing Underperforming"
Home,46-60,476,1228.6665247153003,104,24,4,75.62932806736782,0.9,0.39,0.08,LOW,"BUDGET CUT: Marketing Underperforming"
Sports,60+,439,979.9585816240167,832,50,5,61.615617197958684,1.1,0.45,0.85,HEALTHY,"STABLE: Monitor KPIs"
Beauty,18-25,132,837.955373294656,744,79,4,192.08427754150975,0.9,0.16,0.89,HEALTHY,"STABLE: Monitor KPIs"
Home,60+,171,868.4440059406738,409,16,1,143.0655604195416,1,0.2,0.47,CRITICAL,"BUDGET CUT: Marketing Underperforming"
Beauty,26-35,105,734.9959380259419,270,91,2,158.02974826797603,1.1,0.14,0.37,HEALTHY,"BUDGET CUT: Marketing Underperforming"
Beauty,46-60,286,759.0888904028118,309,55,1,53.74784527134312,1,0.38,0.41,HEALTHY,"BUDGET CUT: Marketing Underperforming"
Home,60+,294,1461.6415027208302,372,30,3,57.139486952971986,1,0.2,0.25,LOW,"BUDGET CUT: Marketing Underperforming"
Electronics,46-60,346,895.2051508633951,973,82,2,67.28163897703702,1,0.39,1.09,HEALTHY,"QUALITY CHECK: High Returns/Complaints"
Fashion,46-60,258,686.0458540471949,702,87,1,97.36935350956101,1,0.38,1.02,HEALTHY,"QUALITY CHECK: High Returns/Complaints"
Electronics,60+,238,717.5835515208105,717,67,5,157.57139796783537,1,0.33,1,HEALTHY,"STABLE: Monitor KPIs"
Home,26-35,260,1042.2474545856694,873,88,1,107.04264789384918,1.1,0.25,0.84,HEALTHY,"QUALITY CHECK: High Returns/Complaints"
Beauty,36-45,431,827.2280799426395,516,73,3,183.04012942511181,1,0.52,0.62,HEALTHY,"STABLE: Monitor KPIs"
Sports,18-25,58,639.9094797345709,272,76,1,95.71764456427165,1,0.09,0.43,HEALTHY,"BUDGET CUT: Marketing Underperforming"
Fashion,26-35,491,1328.8012452961675,278,51,2,102.75698756527596,1,0.37,0.21,HEALTHY,"BUDGET CUT: Marketing Underperforming"
Electronics,26-35,233,694.2629446178897,869,13,4,166.88298847738804,1.1,0.34,1.25,CRITICAL,"STABLE: Monitor KPIs"
Electronics,36-45,186,628.8740723927624,626,57,5,146.0715167175845,1,0.3,1,HEALTHY,"STABLE: Monitor KPIs"
Home,26-35,200,1272.2718448761761,851,65,2,92.01045486478996,1.1,0.16,0.67,HEALTHY,"QUALITY CHECK: High Returns/Complaints"
Electronics,26-35,362,1162.2316036417892,256,95,2,154.15884271542217,0.9,0.31,0.22,HEALTHY,"BUDGET CUT: Marketing Underperforming"
Home,18-25,83,1364.624374863452,594,34,1,83.90623324095506,0.9,0.06,0.44,LOW,"BUDGET CUT: Marketing Underperforming"
Fashion,26-35,462,743.342615439899,158,81,2,197.10380969473343,1,0.62,0.21,HEALTHY,"BUDGET CUT: Marketing Underperforming"
Electronics,36-45,207,882.5739276043048,281,84,2,192.68661327557783,0.9,0.23,0.32,HEALTHY,"BUDGET CUT: Marketing Underperforming"
Fashion,18-25,496,814.2681976194613,395,53,4,192.52617440032745,1.1,0.61,0.49,HEALTHY,"BUDGET CUT: Marketing Underperforming"
Beauty,60+,459,1154.1084764828042,978,91,2,160.7034743667393,1,0.4,0.85,HEALTHY,"QUALITY CHECK: High Returns/Complaints"
Electronics,26-35,314,1476.4313118231844,850,32,3,96.15493778199567,1.1,0.21,0.58,LOW,"STABLE: Monitor KPIs"
Fashion,26-35,115,875.494786100389,422,51,2,44.14904867359766,1,0.13,0.48,HEALTHY,"BUDGET CUT: Marketing Underperforming"
Home,18-25,492,1227.1308044442976,815,35,3,180.50012379907758,1,0.4,0.66,LOW,"STABLE: Monitor KPIs"
Beauty,26-35,485,732.5618222409486,710,33,1,97.82141860582311,1.1,0.66,0.97,LOW,"QUALITY CHECK: High Returns/Complaints"
Beauty,26-35,218,1108.5970719956072,532,25,2,63.8105061723627,1.1,0.2,0.48,LOW,"BUDGET CUT: Marketing Underperforming"
Home,26-35,332,589.9393945960135,666,32,3,59.53954504389683,0.9,0.56,1.13,LOW,"STABLE: Monitor KPIs"
Beauty,60+,447,987.0864988306436,340,81,2,179.28872668782455,1,0.45,0.34,HEALTHY,"BUDGET CUT: Marketing Underperforming"
Beauty,26-35,297,524.1690824002696,685,52,5,110.14214570280112,1,0.57,1.31,HEALTHY,"STABLE: Monitor KPIs"
Fashion,46-60,170,1155.7574294229823,979,18,2,188.17603040337133,1.1,0.15,0.85,CRITICAL,"QUALITY CHECK: High Returns/Complaints"
Fashion,26-35,390,1138.5086815818906,683,43,1,170.63372656271108,1.1,0.34,0.6,LOW,"QUALITY CHECK: High Returns/Complaints"
Beauty,46-60,332,1009.8196888919956,751,99,2,33.06832626483301,1,0.33,0.74,HEALTHY,"QUALITY CHECK: High Returns/Complaints"
Fashion,60+,497,1128.6856740032033,575,22,1,112.511268527801,1,0.44,0.51,LOW,"QUALITY CHECK: High Returns/Complaints"
Home,36-45,146,1216.2361442564888,785,11,5,110.05243285733096,1,0.12,0.65,CRITICAL,"STABLE: Monitor KPIs"
Fashion,46-60,106,1150.591946325615,936,15,5,81.30341402677661,1.1,0.09,0.81,CRITICAL,"STABLE: Monitor KPIs"
Home,26-35,163,1511.6002331024984,273,64,3,50.90439958077481,1,0.11,0.18,HEALTHY,"BUDGET CUT: Marketing Underperforming"
Sports,36-45,364,317.31304694780147,875,21,2,29.6000454986854,1.1,1.15,2.76,LOW,"QUALITY CHECK: High Returns/Complaints"
Sports,26-35,315,765.6531521298917,627,32,3,106.92082763940297,0.9,0.41,0.82,LOW,"STABLE: Monitor KPIs"
Sports,46-60,330,882.9804201883552,283,64,1,147.8298405889139,0.9,0.37,0.32,HEALTHY,"BUDGET CUT: Marketing Underperforming"
Sports,36-45,238,1121.8425877212505,189,25,1,102.36205142478046,1.1,0.21,0.17,LOW,"BUDGET CUT: Marketing Underperforming"
Electronics,60+,273,1435.8452770480792,451,58,1,159.85231618729657,0.9,0.19,0.31,HEALTHY,"BUDGET CUT: Marketing Underperforming"
Beauty,26-35,243,772.5869929421231,799,58,4,182.43202648181793,0.9,0.31,1.03,HEALTHY,"STABLE: Monitor KPIs"
Beauty,18-25,112,1166.029763468168,579,89,3,105.87470555202391,1.1,0.1,0.5,HEALTHY,"STABLE: Monitor KPIs"
Fashion,60+,202,921.504451400192,266,87,5,113.91322192136315,1,0.22,0.29,HEALTHY,"BUDGET CUT: Marketing Underperforming"
Home,36-45,199,1165.6354711190243,759,50,2,113.7273489425171,0.9,0.17,0.65,HEALTHY,"QUALITY CHECK: High Returns/Complaints"
Beauty,26-35,334,1333.7521411811445,898,19,4,61.11530317119014,1,0.25,0.67,CRITICAL,"STABLE: Monitor KPIs"
Fashion,26-35,358,1106.2604879708354,658,46,3,85.67362939262517,0.9,0.32,0.59,LOW,"STABLE: Monitor KPIs"
Home,26-35,345,1389.7137028610487,964,98,4,84.16433477640719,1.1,0.25,0.69,HEALTHY,"STABLE: Monitor KPIs"
Fashion,18-25,427,704.7021140745048,594,42,3,119.18673177655074,1.1,0.61,0.84,LOW,"STABLE: Monitor KPIs"
Home,36-45,436,843.1730526565285,841,82,4,30.09670272809369,1.1,0.52,1,HEALTHY,"STABLE: Monitor KPIs"
Electronics,60+,268,1343.1213786268167,808,59,4,41.94254205361597,0.9,0.2,0.6,HEALTHY,"STABLE: Monitor KPIs"
Beauty,46-60,266,872.9875903104206,127,41,5,151.33575399318616,1.1,0.3,0.15,LOW,"BUDGET CUT: Marketing Underperforming"
Beauty,26-35,358,1541.1664871138803,633,10,4,120.8030206132009,0.9,0.23,0.41,CRITICAL,"BUDGET CUT: Marketing Underperforming"
Electronics,36-45,349,974.443105089915,779,15,2,156.19086046226388,0.9,0.36,0.8,CRITICAL,"QUALITY CHECK: High Returns/Complaints"
Home,26-35,213,1131.38317054822,141,19,2,59.64896468527867,1,0.19,0.12,CRITICAL,"BUDGET CUT: Marketing Underperforming"
Sports,26-35,207,1026.3495353645328,182,33,2,59.68283220595502,1,0.2,0.18,LOW,"BUDGET CUT: Marketing Underperforming"
Beauty,36-45,236,1074.050666550148,958,62,5,119.30671978105525,1.1,0.22,0.89,HEALTHY,"STABLE: Monitor KPIs"
Beauty,46-60,102,1084.2974021809553,326,12,5,178.31184017451636,0.9,0.09,0.3,CRITICAL,"BUDGET CUT: Marketing Underperforming"
Sports,60+,285,685.7335525661642,394,40,1,49.01111757290502,0.9,0.42,0.57,LOW,"QUALITY CHECK: High Returns/Complaints"
Home,18-25,233,1132.7688094870146,250,18,4,57.58776335999519,1.1,0.21,0.22,CRITICAL,"BUDGET CUT: Marketing Underperforming"
Beauty,36-45,435,578.8389850169939,417,86,3,51.05544749701588,1.1,0.75,0.72,HEALTHY,"STABLE: Monitor KPIs"
Beauty,18-25,228,609.420216804928,387,72,4,38.52348667203769,0.9,0.37,0.64,HEALTHY,"STABLE: Monitor KPIs"
Electronics,36-45,497,768.3132095755363,317,51,4,195.42568469058796,0.9,0.65,0.41,HEALTHY,"BUDGET CUT: Marketing Underperforming"
Fashion,18-25,285,128.30706042275995,826,29,5,99.99789847487166,0.9,2.22,6.44,LOW,"OPPORTUNITY: Increase Social Ad Spend"
Beauty,60+,353,773.9222088930915,123,89,3,169.83885111757627,1,0.46,0.16,HEALTHY,"BUDGET CUT: Marketing Underperforming"
Beauty,60+,75,1180.9841682296349,169,33,2,133.31536519924623,1,0.06,0.14,LOW,"BUDGET CUT: Marketing Underperforming"
Electronics,36-45,282,1261.8845547169901,660,11,5,149.72188729245127,1,0.22,0.52,CRITICAL,"STABLE: Monitor KPIs"
Sports,60+,383,1234.472583033075,171,42,5,177.74567103134132,1,0.31,0.14,LOW,"BUDGET CUT: Marketing Underperforming"
Beauty,18-25,136,1187.3358343971781,915,39,4,152.41456669202617,1.1,0.11,0.77,LOW,"STABLE: Monitor KPIs"
Sports,36-45,268,891.8049672008686,346,25,5,157.6128951828132,1,0.3,0.39,LOW,"BUDGET CUT: Marketing Underperforming"
Fashion,46-60,223,1609.8847699291327,606,21,2,136.49878705015016,1,0.14,0.38,LOW,"BUDGET CUT: Marketing Underperforming"
Electronics,36-45,486,1615.282402447742,662,56,4,73.78936864027455,0.9,0.3,0.41,HEALTHY,"BUDGET CUT: Marketing Underperforming"
Beauty,36-45,109,1300.764504517423,756,36,2,189.55330179322405,1,0.08,0.58,LOW,"QUALITY CHECK: High Returns/Complaints"
Electronics,18-25,407,823.6647430848576,986,62,2,147.2761017950367,0.9,0.49,1.2,HEALTHY,"QUALITY CHECK: High Returns/Complaints"
Beauty,18-25,365,1175.5636665073791,544,42,4,185.62385269265476,1,0.31,0.46,LOW,"BUDGET CUT: Marketing Underperforming"
Beauty,36-45,336,824.7208713867167,369,33,4,47.8665580670378,1.1,0.41,0.45,LOW,"BUDGET CUT: Marketing Underperforming"
Sports,46-60,209,857.7332783436161,812,25,4,189.84174735145135,1,0.24,0.95,LOW,"STABLE: Monitor KPIs"
Fashion,18-25,102,685.1089748871017,655,27,1,168.97769334805864,0.9,0.15,0.96,LOW,"QUALITY CHECK: High Returns/Complaints"
Home,60+,161,999.0985733852108,648,32,1,43.36096817380267,0.9,0.16,0.65,LOW,"QUALITY CHECK: High Returns/Complaints"
Sports,46-60,119,918.7866272944668,696,16,2,153.752876024621,0.9,0.13,0.76,CRITICAL,"QUALITY CHECK: High Returns/Complaints"
Sports,36-45,368,636.4072718822656,320,74,3,150.4764535673972,1,0.58,0.5,HEALTHY,"STABLE: Monitor KPIs"
Electronics,60+,188,853.2939727076644,553,18,4,49.1741354255435,0.9,0.22,0.65,CRITICAL,"STABLE: Monitor KPIs"
Sports,18-25,437,849.3877429744758,539,62,1,71.43555938132565,1.1,0.51,0.63,HEALTHY,"QUALITY CHECK: High Returns/Complaints"
Electronics,26-35,387,1388.4620614083096,248,57,5,76.07074663169934,1,0.28,0.18,HEALTHY,"BUDGET CUT: Marketing Underperforming"
Electronics,26-35,131,701.140832408603,742,85,5,101.42895013040993,1,0.19,1.06,HEALTHY,"STABLE: Monitor KPIs"
Home,18-25,491,1045.233271589956,686,19,2,38.074319128521466,1.1,0.47,0.66,CRITICAL,"QUALITY CHECK: High Returns/Complaints"
Home,36-45,426,765.7588321251717,935,71,2,31.375719450312225,0.9,0.56,1.22,HEALTHY,"QUALITY CHECK: High Returns/Complaints"
Sports,18-25,100,916.2058078162609,811,66,1,163.31876244952932,0.9,0.11,0.89,HEALTHY,"QUALITY CHECK: High Returns/Complaints"
Home,46-60,408,1548.5234678838326,610,79,1,171.75702067048957,1.1,0.26,0.39,HEALTHY,"BUDGET CUT: Marketing Underperforming"
Beauty,18-25,69,1409.8973420580783,752,82,1,151.6746865846364,0.9,0.05,0.53,HEALTHY,"QUALITY CHECK: High Returns/Complaints"
Fashion,18-25,207,1183.1578144496073,312,47,3,92.82013785433558,0.9,0.17,0.26,LOW,"BUDGET CUT: Marketing Underperforming"
Home,26-35,478,984.9613835231952,103,81,5,117.5310864849542,1,0.49,0.1,HEALTHY,"BUDGET CUT: Marketing Underperforming"
Beauty,26-35,423,1428.6412981372346,795,48,3,174.99528999627935,1,0.3,0.56,LOW,"STABLE: Monitor KPIs"
Home,36-45,102,1407.7784502276388,792,91,2,146.87440004471932,0.9,0.07,0.56,HEALTHY,"QUALITY CHECK: High Returns/Complaints"
Fashion,26-35,353,704.4480503694152,815,26,4,191.36851903908942,0.9,0.5,1.16,LOW,"STABLE: Monitor KPIs"
Home,60+,372,625.3367514397085,791,59,3,85.40784057643356,1,0.59,1.26,HEALTHY,"STABLE: Monitor KPIs"
Fashion,18-25,334,796.7427446134293,313,39,3,197.94596558681314,1,0.42,0.39,LOW,"BUDGET CUT: Marketing Underperforming"
Sports,46-60,109,1457.7900579534532,813,33,5,169.74104621348826,0.9,0.07,0.56,LOW,"STABLE: Monitor KPIs"
Beauty,60+,183,329.8328121670436,723,10,3,129.3843405452749,1,0.55,2.19,CRITICAL,"STABLE: Monitor KPIs"
Fashion,36-45,296,851.4609994997872,971,64,4,148.53920591731378,1,0.35,1.14,HEALTHY,"STABLE: Monitor KPIs"
Sports,26-35,83,885.60529300246,264,55,5,175.4851480203678,0.9,0.09,0.3,HEALTHY,"BUDGET CUT: Marketing Underperforming"
Sports,46-60,357,945.8457214536832,784,24,1,136.0601482364334,0.9,0.38,0.83,LOW,"QUALITY CHECK: High Returns/Complaints"
Fashion,60+,287,958.5745163529314,370,83,2,138.0937488539541,1.1,0.3,0.39,HEALTHY,"BUDGET CUT: Marketing Underperforming"
Sports,60+,176,1224.5892926940564,839,43,5,198.7194498603252,1.1,0.14,0.69,LOW,"STABLE: Monitor KPIs"
Beauty,26-35,278,1490.7881538462893,974,36,1,168.10483437917094,0.9,0.19,0.65,LOW,"QUALITY CHECK: High Returns/Complaints"
Beauty,26-35,265,1483.379684154823,853,90,2,132.91130949292213,0.9,0.18,0.58,HEALTHY,"QUALITY CHECK: High Returns/Complaints"
